id_usuario;followers
14594813; "6283791"
9317502; "6163397"
54341363; "5570928"
214570761; "5398729"
65473559; "4495232"
80937256; "2935640"
30070288; "2340462"
16334137; "1930634"
16632084; "1825564"
14946999; "1556229"
29913589; "1378367"
13531162; "1114797"
24237705; "1005129"
85008170; "951502"
19351269; "766410"
44005522; "746842"
20799928; "687790"
2561091; "670751"
61843152; "665136"
67150902; "650723"
45409867; "623656"
17163446; "621020"
76651032; "533840"
17229791; "519368"
11160692; "481698"
388733606; "444373"
8665852; "385144"
1540034828; "378672"
42593930; "328220"
54527239; "322984"
227078562; "310007"
16451028; "308993"
57763444; "277063"
349106859; "263757"
31496702; "252156"
19889294; "235232"
59009527; "231455"
31475618; "225945"
12689622; "217221"
8189252; "210300"
40261159; "210179"
26276346; "206500"
84076180; "205615"
6506272; "185714"
347133; "156811"
62703362; "145822"
306455439; "142304"
193003734; "142079"
38498888; "139890"
94195631; "136678"
758519817578086400; "132982"
310497473; "127209"
14595118; "126889"
151888280; "119740"
395388847; "117677"
234032088; "106822"
64257256; "106173"
1875887166; "98341"
6135602; "92569"
548024965; "91960"
17503188; "82366"
1629241; "81661"
324945570; "78218"
17465506; "75181"
22283899; "73723"
51588583; "72282"
861707648584085504; "70590"
89256517; "68698"
106865119; "62385"
18144791; "62336"
522628431; "61403"
594196883; "49194"
193013726; "46768"
66539961; "45649"
40328001; "45074"
151635190; "40974"
2437579938; "38851"
20206810; "38210"
86462170; "37897"
50850883; "37529"
318871199; "36793"
173851898; "36756"
47961740; "36510"
17624543; "36168"
113410319; "35412"
19406250; "34663"
174399490; "34638"
56967376; "33524"
14500784; "33060"
28958495; "32181"
14277534; "31734"
35524446; "31551"
13124602; "31444"
716073634645860352; "31114"
2569100124; "28907"
122533022; "28814"
169993414; "27756"
3317555339; "27706"
169177005; "27133"
1898006310; "27041"
338335282; "26793"
14077645; "26015"
719257910174466052; "24192"
67778641; "24087"
62601015; "23909"
266677514; "23277"
41843161; "23086"
56441916; "22868"
22951311; "22693"
67302940; "22251"
74214905; "21735"
62517611; "21313"
716701697; "20487"
24674420; "20287"
252605340; "20270"
499107662; "20063"
610345406; "19851"
22905057; "19672"
219368520; "19071"
179072475; "18956"
120663759; "18904"
347384835; "18277"
323219591; "18224"
27338874; "17950"
21101930; "17162"
626725650; "17143"
719759733; "17112"
67413530; "16801"
47920778; "16372"
44632152; "16341"
20380673; "16134"
3037957145; "15955"
132227518; "15554"
8884772; "15338"
41123392; "15200"
234013154; "14992"
869694949385785344; "14841"
78958080; "14742"
541189556; "14684"
139765160; "14600"
1938503893; "14598"
735567688303575042; "14580"
2559342123; "14442"
51343314; "13913"
2533759422; "13853"
2330949535; "13448"
2949571850; "12906"
3907825898; "12903"
16559013; "12864"
468352539; "12665"
786208683315367937; "12477"
188683808; "12295"
2792653285; "12280"
955586323452219393; "12170"
3324017494; "12020"
1081172791; "12016"
97677202; "11733"
3214495751; "11591"
40804081; "11095"
1643750532; "10864"
117373254; "10829"
2932678270; "10819"
970685474; "10750"
19065418; "10646"
1673619769; "10632"
44196908; "10337"
60164772; "10269"
40384615; "10168"
1026798926; "10143"
383359690; "10080"
185649753; "10025"
196611439; "9917"
2190722108; "9745"
44989307; "9720"
53064246; "9449"
18550598; "9389"
4276; "9377"
80053165; "9332"
406393617; "9258"
87339398; "9115"
8519262; "9035"
3245657679; "9028"
1468452505; "8949"
943903500949475328; "8811"
27696251; "8557"
860458206; "8468"
810285901251219457; "8434"
2298445159; "8420"
21414141; "8361"
4236822508; "8350"
803890166; "8297"
25267789; "8241"
924978508224516096; "8226"
17602766; "8159"
14908278; "8072"
92345536; "8044"
1179710990; "7891"
1325937811; "7875"
18847920; "7832"
132297131; "7800"
68513063; "7554"
861806227; "7547"
54033770; "7512"
307437481; "7505"
19083439; "7474"
28145247; "7425"
41588986; "7371"
30622843; "7364"
2428055045; "7359"
222296230; "7321"
2573941027; "7308"
1367179363; "7293"
113683910; "7202"
14166909; "7090"
97729193; "7073"
19265059; "6973"
3413541371; "6957"
38432405; "6924"
2251265449; "6915"
51679632; "6893"
97282420; "6842"
2901602044; "6724"
23837271; "6643"
2230383367; "6636"
448464997; "6616"
172508364; "6590"
55051443; "6574"
127284241; "6572"
1591558381; "6500"
1368309362; "6498"
484923465; "6459"
543761610; "6417"
1570765986; "6267"
496651076; "6182"
2992634170; "6058"
45940626; "6049"
368009552; "6031"
59665093; "6026"
3130216396; "6016"
759832171284541440; "6007"
88780822; "5996"
67712941; "5897"
155642159; "5880"
33520363; "5823"
89864494; "5810"
22948591; "5790"
3379011983; "5764"
65950130; "5701"
259810770; "5632"
42686304; "5597"
896133186945679361; "5554"
282006937; "5529"
498386796; "5492"
225867810; "5389"
34164237; "5349"
142833359; "5323"
43934015; "5299"
128917051; "5290"
119295989; "5259"
394127279; "5224"
2538439905; "5222"
1375239859; "5216"
14383251; "5201"
35081628; "5200"
838140601812070401; "5129"
1000489442786803712; "5077"
22925413; "5071"
1365293856; "5042"
124088473; "5022"
21124652; "4979"
43420403; "4977"
27042474; "4969"
74715478; "4956"
488045718; "4944"
2550086713; "4940"
8411552; "4855"
47366330; "4848"
2326184845; "4839"
2528246047; "4838"
2265056923; "4832"
365064846; "4806"
263397843; "4759"
463248115; "4755"
40945658; "4741"
14539108; "4727"
586115653; "4668"
799783316471824384; "4659"
959863658783195136; "4637"
167836092; "4628"
856929869413974019; "4621"
3392832118; "4599"
38757057; "4597"
1007339809; "4573"
47622979; "4564"
937629640218304513; "4531"
65988916; "4490"
400400455; "4485"
545009156; "4476"
2845390120; "4446"
298195731; "4423"
2343831636; "4418"
367354771; "4374"
2849168466; "4327"
133116908; "4277"
4261685246; "4271"
1349700348; "4173"
138492825; "4170"
1145882780; "4168"
493417084; "4145"
35916831; "4123"
231920921; "4113"
182644224; "4106"
25406707; "4088"
370933018; "4079"
67366599; "4055"
575215377; "4053"
47642334; "4050"
578771859; "4032"
4149696259; "3980"
772639788; "3975"
173199534; "3972"
377974955; "3971"
355519466; "3953"
7251172; "3936"
182073130; "3906"
2590198015; "3882"
36418377; "3825"
2211408620; "3788"
424648084; "3781"
894337118679556096; "3778"
2253518185; "3765"
2286060606; "3759"
74466164; "3743"
220646590; "3739"
2719415849; "3731"
107670705; "3715"
2864100777; "3699"
34407494; "3696"
1561611883; "3691"
825101684946898944; "3684"
17652727; "3678"
3228532852; "3659"
188031946; "3648"
2434523925; "3627"
337462663; "3587"
932757064522268673; "3584"
3205955609; "3564"
4385092941; "3544"
1681312274; "3525"
315521556; "3511"
48518123; "3499"
3013291403; "3483"
1479764881; "3471"
3698765055; "3458"
16349463; "3458"
10799642; "3435"
123025081; "3433"
448084384; "3428"
1602350520; "3391"
2990556737; "3386"
116502799; "3385"
129342144; "3376"
48526529; "3362"
1967251616; "3292"
914964354252099586; "3267"
335757552; "3230"
1680855678; "3221"
909086071; "3214"
23619589; "3204"
816157040; "3181"
2899938279; "3179"
40277199; "3171"
134460106; "3171"
1009157360709971971; "3168"
430014829; "3163"
15475908; "3151"
832338648234356736; "3146"
3234316700; "3146"
723784119998660608; "3143"
2668850391; "3136"
2290315988; "3130"
3517011736; "3116"
368638032; "3086"
2852481735; "3059"
69053858; "3046"
91657718; "3032"
2925340929; "3021"
2834253027; "2990"
2415164707; "2982"
30547095; "2980"
68855739; "2979"
1831992301; "2969"
709488239523074048; "2954"
1534960500; "2931"
965629505925771264; "2907"
92741652; "2894"
10710422; "2891"
899392580848427009; "2875"
90444787; "2862"
1952211163; "2854"
143594813; "2846"
110569443; "2834"
4898673636; "2833"
2494341560; "2820"
846483333903200256; "2799"
26561149; "2798"
1914655874; "2796"
76810481; "2785"
86618694; "2783"
1449637814; "2776"
77826352; "2769"
553771447; "2766"
52244750; "2752"
4016135776; "2750"
717084157218844672; "2746"
18962507; "2743"
362123272; "2736"
2878778734; "2720"
21890926; "2707"
148473475; "2693"
2753926834; "2688"
2174482233; "2683"
945383315175018498; "2674"
492184707; "2671"
21892364; "2669"
4902715181; "2663"
2863414162; "2630"
2347306717; "2619"
874805416428961792; "2616"
76983412; "2612"
1017413287; "2606"
23186800; "2604"
70887911; "2589"
810508838042554368; "2578"
137403232; "2545"
1455572922; "2538"
827547891799642113; "2529"
2477225839; "2526"
957431344937799680; "2514"
875072728088399872; "2503"
995766266857230336; "2497"
82054005; "2493"
738042698112872452; "2470"
24080132; "2469"
308715731; "2461"
41728708; "2456"
857793932385816576; "2451"
1715670576; "2451"
4924999011; "2449"
51932941; "2438"
1444312820; "2432"
9423932; "2431"
499982760; "2428"
4839308495; "2414"
248816909; "2395"
77981123; "2391"
321153437; "2368"
374298733; "2358"
3517227622; "2353"
565497352; "2341"
803567591692402688; "2318"
888380232159428608; "2312"
15992092; "2308"
40283186; "2306"
58323763; "2277"
4020844563; "2274"
38728575; "2256"
66179076; "2254"
13848272; "2251"
302813552; "2247"
498426154; "2244"
952107053664948224; "2239"
2338703322; "2236"
90105122; "2230"
34313570; "2230"
323301102; "2230"
2147700098; "2216"
27135701; "2211"
16005728; "2199"
69877571; "2191"
37956187; "2180"
38357543; "2179"
219728348; "2170"
760989290008547328; "2165"
891466441752543232; "2158"
395615805; "2157"
703637255353720832; "2153"
723203227135651840; "2150"
56137447; "2144"
948539286; "2143"
2244418783; "2140"
474118167; "2139"
2820009808; "2138"
721785569018298368; "2135"
2932158309; "2129"
215666748; "2128"
18166671; "2115"
2264679271; "2103"
12543242; "2094"
295253193; "2089"
2494510950; "2087"
36439280; "2077"
2926110813; "2073"
53484770; "2058"
926132526623744000; "2057"
242307530; "2055"
310390756; "2039"
53699681; "2036"
3438773733; "2026"
3308754015; "2016"
176890566; "2000"
2298491016; "1984"
35890299; "1983"
910644574732865536; "1982"
708423643898970112; "1976"
37792409; "1969"
314977219; "1966"
2480367727; "1962"
65691803; "1961"
83112415; "1956"
52349819; "1954"
3337622781; "1954"
3345989931; "1951"
4635883175; "1948"
160762194; "1940"
72917379; "1939"
438595035; "1935"
53733700; "1932"
3208524508; "1925"
160553992; "1925"
14350964; "1920"
42414360; "1914"
892138296725438464; "1911"
706598579750748163; "1908"
239512890; "1903"
34326165; "1899"
234869520; "1898"
2939655393; "1896"
91106374; "1895"
43623335; "1895"
237325424; "1893"
91475981; "1891"
14958283; "1880"
860178510136135680; "1879"
311128659; "1878"
30230538; "1868"
794530323904204800; "1864"
2586977817; "1864"
436651855; "1862"
347279897; "1860"
288872648; "1858"
1334838757; "1854"
3495909027; "1851"
25917829; "1849"
311705961; "1848"
182550503; "1846"
544980546; "1844"
23403614; "1843"
69981266; "1842"
17258401; "1830"
208610451; "1825"
49010108; "1824"
1355045414; "1824"
17231726; "1820"
2653435310; "1816"
19882321; "1806"
2362123842; "1804"
63163156; "1799"
167192733; "1798"
10152982; "1797"
50316295; "1794"
495248358; "1784"
678023; "1777"
785549397715279872; "1775"
175758960; "1772"
288330146; "1769"
17920785; "1759"
763933482032599040; "1758"
2286809752; "1756"
1205920657; "1756"
55373325; "1755"
626123557; "1753"
939564469; "1752"
2570201531; "1752"
101273669; "1748"
1377727118; "1735"
334096607; "1728"
2448066837; "1723"
826978540302299137; "1701"
147954297; "1701"
783563453696999424; "1689"
1655516684; "1688"
339942961; "1685"
326861091; "1677"
1318282885; "1677"
2794947408; "1670"
458264778; "1664"
246057879; "1663"
3064195505; "1658"
436805107; "1656"
308169730; "1650"
142021873; "1650"
918977131; "1639"
245195894; "1636"
50520621; "1632"
4495279997; "1632"
67052109; "1631"
2733708877; "1625"
801142589353234432; "1623"
20250010; "1617"
1237317834; "1616"
284040531; "1615"
107063790; "1614"
274735932; "1611"
760274665029992448; "1608"
141427067; "1606"
15487358; "1601"
2853893691; "1600"
57061070; "1598"
2405515002; "1598"
134895808; "1598"
792292593329704960; "1595"
44438933; "1586"
67735406; "1583"
57221568; "1582"
14282032; "1582"
2885177206; "1569"
3308869996; "1568"
249869615; "1566"
736930153; "1563"
285078219; "1559"
52886134; "1552"
2918633398; "1546"
1395310387; "1541"
2230101354; "1537"
740701518626721792; "1535"
3209768819; "1529"
854759945119596551; "1524"
3130832163; "1524"
31113756; "1519"
913110895815008256; "1515"
1281274050; "1512"
3383240093; "1511"
107192405; "1510"
159242878; "1508"
56550490; "1507"
207577470; "1501"
794532566439260160; "1500"
98381497; "1496"
985181131074138114; "1492"
63862850; "1487"
35030878; "1487"
2265234886; "1484"
418055868; "1478"
50480074; "1473"
193713493; "1470"
94707569; "1469"
878406146; "1467"
358875618; "1467"
190031406; "1467"
417313444; "1466"
571355898; "1465"
109713523; "1462"
1552587206; "1461"
15317595; "1454"
50134555; "1449"
1688391516; "1449"
781995847244517376; "1448"
376255141; "1448"
2225147197; "1446"
701366623744225280; "1444"
808885544084238336; "1443"
300576314; "1441"
71102546; "1436"
26670607; "1432"
151531877; "1432"
27155923; "1431"
1143914750; "1426"
710615799719833600; "1420"
43597075; "1420"
14624835; "1416"
751519409051754496; "1410"
2832293313; "1409"
240007365; "1401"
552112632; "1400"
241285541; "1399"
43256357; "1389"
148410798; "1389"
15646642; "1387"
56143725; "1386"
3111696296; "1384"
60392960; "1383"
713318124242731009; "1380"
916419468884135936; "1378"
287038108; "1374"
938911958; "1365"
106830010; "1359"
983022622249312257; "1353"
953058541602070528; "1353"
865700579179417600; "1348"
912597014; "1338"
228869191; "1335"
39101001; "1334"
364511845; "1330"
307009182; "1330"
69901749; "1329"
41175313; "1329"
856908295742861312; "1327"
15214232; "1327"
816316453; "1326"
68419552; "1326"
803394156609597440; "1324"
2167266656; "1324"
30845162; "1323"
977372089782099970; "1321"
78998798; "1318"
138128411; "1317"
794935284; "1310"
2451361243; "1304"
398761732; "1302"
2949702203; "1302"
927296800742170624; "1300"
191965160; "1300"
2358869989; "1298"
38045019; "1296"
988904388046573568; "1295"
117780758; "1295"
8201462; "1289"
2870632870; "1289"
4188364762; "1283"
35604602; "1282"
2573828938; "1278"
82350646; "1269"
42276527; "1268"
234330605; "1265"
128655908; "1265"
931257316304924672; "1262"
2260454084; "1253"
211816231; "1252"
190854238; "1249"
871522682352930816; "1244"
2924732984; "1241"
758796551510720513; "1237"
1425949086; "1236"
812141888325173249; "1233"
4896388137; "1232"
324384050; "1232"
2422300385; "1232"
83151880; "1230"
26755498; "1230"
18818881; "1227"
106638344; "1224"
309672130; "1223"
13098682; "1223"
4631537297; "1222"
58811453; "1215"
4013550681; "1210"
428479908; "1209"
166234605; "1209"
15613204; "1209"
162178559; "1208"
102228585; "1206"
390177415; "1203"
41390243; "1202"
205475730; "1202"
109004192; "1202"
831772476; "1201"
44097116; "1200"
4143526607; "1200"
2172075114; "1200"
1458047184; "1200"
634758081; "1197"
469324826; "1195"
303275670; "1191"
1092029966; "1189"
7710762; "1186"
1409278580; "1184"
34266656; "1178"
751873; "1177"
253260645; "1177"
220858028; "1177"
1002419821; "1175"
396282463; "1171"
2352117487; "1170"
491757531; "1169"
77020045; "1167"
2324569792; "1167"
47168844; "1165"
841783755740217344; "1164"
2752502951; "1164"
3497609355; "1163"
225839809; "1163"
73682565; "1158"
65739292; "1157"
135001089; "1153"
2504718870; "1152"
2290705845; "1140"
1681911204; "1139"
312883408; "1138"
1387476174; "1137"
64190300; "1135"
14619252; "1134"
4552432163; "1129"
3328518911; "1129"
902281216510054401; "1127"
2653895222; "1125"
250202811; "1122"
2205401665; "1118"
425178190; "1116"
380311061; "1113"
1114813572; "1113"
858376742; "1110"
601406693; "1109"
108714317; "1107"
73397997; "1104"
839235671927762944; "1100"
4344718522; "1100"
3409553488; "1097"
16854966; "1097"
1157744852; "1095"
25011048; "1092"
800882953; "1089"
273085511; "1088"
17294834; "1085"
736919312431210498; "1084"
3475252047; "1079"
2161997077; "1079"
262778013; "1075"
909774924; "1072"
2382968403; "1072"
2679342783; "1071"
491593364; "1068"
118139952; "1065"
525729482; "1064"
2869468822; "1063"
54968245; "1058"
415757848; "1058"
3130874974; "1056"
229920799; "1054"
1975626722; "1054"
4449456135; "1052"
721457976; "1050"
622264218; "1049"
57495210; "1049"
2717643781; "1049"
1596848358; "1047"
3149463910; "1044"
73056751; "1041"
985517285937942530; "1039"
3400791922; "1037"
747423131954978816; "1034"
2370981277; "1034"
285886332; "1033"
440299698; "1029"
904224563906662400; "1028"
52495721; "1028"
756727517214547968; "1023"
926474642944155649; "1018"
708704002960179200; "1017"
733435882699624448; "1016"
16284408; "1016"
58800782; "1015"
299889381; "1014"
3653777182; "1011"
151899249; "1011"
75964466; "1009"
3299715399; "1009"
2326283957; "1009"
961605864133099520; "1008"
2281300849; "1004"
295149463; "1003"
228472501; "1003"
515869633; "999"
46231100; "999"
1275497930; "999"
3524426955; "997"
22678319; "997"
216514319; "995"
1618903250; "992"
28844640; "989"
917499332156444672; "988"
2557079293; "987"
910327944903630848; "984"
24779063; "981"
1503440131; "981"
17896110; "979"
174756801; "978"
867545900851351552; "975"
2833304205; "974"
4851359111; "973"
3316554647; "973"
2209583416; "973"
2943954005; "972"
70124355; "971"
261387249; "968"
1322799236; "967"
2209814539; "965"
2838953716; "962"
154192154; "960"
106110069; "960"
14721668; "956"
15261182; "955"
858374354425581568; "954"
602010664; "954"
777647547422826496; "952"
564856762; "952"
2745431061; "947"
11564842; "946"
539933257; "945"
986994798; "944"
341192453; "942"
69070060; "939"
57136395; "938"
42722945; "935"
537240838; "934"
868565669163532288; "933"
2613782228; "932"
916400885957255168; "931"
2345189148; "930"
103596890; "930"
17684034; "929"
499954166; "927"
717874436; "925"
16581570; "925"
992573769809125384; "924"
2850277115; "922"
946357574462566401; "921"
2262287632; "921"
581576868; "920"
3435581399; "920"
3623718803; "919"
2692833036; "918"
909000786683842560; "917"
2889607299; "916"
1512065894; "915"
970178322; "914"
2471351928; "913"
2882972795; "911"
830601834846883841; "910"
4614713536; "910"
619595940; "909"
254626917; "908"
169712619; "903"
918802417222868992; "901"
185792563; "901"
27372864; "900"
533292091; "895"
3075216250; "892"
1034773964; "892"
90045319; "891"
8311912; "891"
2899288337; "891"
204262434; "890"
174017304; "888"
1198730940; "888"
2377836301; "885"
96268820; "884"
916969147; "881"
714227152657465344; "878"
605617567; "878"
170803158; "877"
919425316019417089; "875"
23255660; "874"
1631237826; "874"
93976087; "873"
2364475838; "872"
1140298148; "871"
1557122100; "870"
72511349; "869"
3116050816; "869"
53532830; "867"
1679217960; "866"
224882018; "864"
740632851838865408; "860"
115763706; "854"
4078696949; "853"
3062928364; "852"
2894081686; "850"
27266352; "850"
1539700368; "850"
3434286550; "848"
17930862; "848"
3626164155; "847"
114092053; "846"
878403873752453121; "845"
53585338; "844"
50151639; "844"
3087320231; "844"
1230054596; "844"
98677129; "843"
2646387146; "843"
176616923; "842"
2190717391; "841"
321571198; "840"
104016647; "839"
488724965; "834"
389025446; "834"
385630804; "830"
134901666; "830"
900181399625400327; "829"
334211372; "829"
2719364097; "829"
68843345; "827"
537799459; "825"
205516150; "824"
47464303; "823"
8753152; "822"
325877892; "821"
158939019; "821"
731938347988471809; "820"
14229098; "818"
56687416; "816"
542732845; "816"
2640806151; "815"
189739808; "813"
1767675032; "813"
77399090; "811"
621809318; "811"
887337183056732160; "810"
807201863007436804; "810"
71394717; "809"
2949158883; "807"
2434079266; "806"
87065252; "803"
325218201; "802"
261475773; "802"
275163363; "801"
43927993; "800"
28685480; "797"
2718501601; "797"
3426407429; "796"
72612441; "795"
2374517749; "793"
69161481; "791"
1613819822; "791"
919074581553582080; "790"
145008500; "790"
68025488; "788"
437057457; "788"
59132144; "787"
855185064686178304; "786"
51529976; "785"
16290016; "785"
128229713; "784"
1222649642; "784"
56377755; "783"
131892743; "783"
2579923143; "781"
103990018; "780"
109649597; "777"
472274631; "776"
1543514066; "776"
4818665333; "775"
349939008; "774"
25536369; "773"
797880414572572672; "772"
259738838; "772"
16845285; "772"
4892043431; "771"
2324429156; "769"
178412854; "769"
178380731; "768"
3121723730; "765"
15083685; "764"
67776381; "763"
13572192; "759"
1031316560; "759"
2424242773; "757"
172468914; "756"
835936407428411392; "754"
126075164; "754"
2836288299; "753"
1897725462; "753"
187203599; "753"
65113678; "751"
42229570; "751"
224259409; "751"
47941979; "746"
337427145; "745"
95930034; "744"
764909810856919040; "743"
550701586; "743"
1373437423; "742"
2878732449; "740"
755490719830192129; "738"
3523870636; "738"
257142395; "737"
1611779412; "737"
577585967; "736"
1014019688; "736"
145807410; "733"
70513798; "732"
1577678383; "730"
2876650035; "729"
17448476; "729"
100820448; "729"
864221921336070144; "724"
39750843; "724"
2875795264; "724"
2804974557; "724"
1488447324; "724"
167157448; "723"
1444469072; "720"
387255764; "719"
73207424; "718"
60796709; "718"
2584157052; "718"
571067141; "717"
404054925; "715"
1599584910; "715"
40532613; "714"
195578244; "713"
54607123; "712"
2861495518; "712"
2155627800; "711"
533288839; "709"
624024638; "706"
2271519909; "706"
2908290291; "705"
186552065; "705"
26382512; "704"
143167014; "704"
2616066118; "703"
823363308208197632; "701"
173572064; "700"
47838794; "699"
37369318; "699"
751063354081435648; "698"
62267947; "698"
1398300248; "695"
887856165148803072; "693"
825715416064475136; "693"
3369279532; "693"
2752741696; "693"
279693009; "691"
1075414771; "691"
69153809; "690"
19981308; "690"
3003643767; "689"
1019286937935532033; "688"
945772998614757377; "687"
412493616; "684"
770796291815251968; "683"
48559503; "683"
73969885; "681"
971178037; "680"
51529515; "680"
2371716452; "680"
160680805; "679"
1109879130; "678"
3264514918; "677"
27322836; "677"
1393749134; "676"
800486156575965184; "675"
846586854581424128; "674"
777131576136171520; "673"
2198024876; "673"
2255110358; "671"
715543032054079488; "670"
495934981; "670"
146037618; "670"
1649741210; "668"
3366872962; "667"
1831722192; "665"
31256502; "660"
928376231632035842; "658"
119495563; "658"
2977795631; "657"
1296188893; "656"
186151617; "654"
777147491456253955; "653"
3495975197; "652"
4820258927; "651"
2723647189; "650"
2617376835; "649"
187981203; "649"
75833479; "648"
2807651762; "648"
25577980; "648"
208227620; "648"
49122616; "647"
876445667169882112; "646"
1863753397; "646"
105937391; "646"
233912175; "643"
191821938; "642"
270658992; "641"
2853511942; "640"
214653573; "640"
161308176; "639"
707543988165877760; "637"
42336928; "637"
2398231920; "637"
150046587; "637"
4905279179; "636"
2416102171; "635"
857021920105172994; "634"
59871513; "634"
157422125; "634"
352681854; "633"
264600193; "632"
169545469; "631"
3257594932; "630"
18896151; "630"
16387720; "630"
2872401294; "629"
842775287851094016; "628"
74891782; "628"
978022492164980736; "627"
370567136; "627"
764203136; "625"
370389047; "625"
3319780546; "625"
2729444965; "625"
38052532; "624"
354383961; "624"
4710802277; "623"
925406125792653312; "621"
31740177; "621"
74772295; "619"
2857337433; "619"
4861808066; "618"
142643756; "618"
20058903; "617"
1613883385; "614"
3344996619; "612"
2737733948; "612"
151711672; "612"
823617896618332161; "611"
215632092; "611"
3306732105; "610"
2366149240; "610"
919603583406002176; "608"
711675870671466496; "604"
266874478; "602"
93637317; "601"
48101356; "601"
115525282; "601"
801566281283620868; "600"
30686875; "599"
352126847; "598"
53894608; "597"
87593508; "596"
30064146; "594"
2868199184; "594"
149650363; "593"
91173409; "592"
4795708521; "592"
1259922336; "592"
778631820; "591"
774086070053007360; "589"
155566562; "589"
4881634485; "588"
3334569851; "588"
48729903; "587"
752279362846789633; "585"
58272428; "583"
149638391; "583"
216434325; "582"
74341583; "581"
4662545301; "581"
3065828777; "581"
2597883012; "581"
17263427; "581"
85433889; "580"
27251107; "579"
883883381221715968; "576"
3604056317; "575"
904076468195602436; "574"
2168080541; "574"
57046139; "572"
126330759; "572"
921131437637677061; "571"
161826457; "571"
979511646761705472; "570"
826538124; "569"
55440612; "569"
4335567628; "568"
10122482; "568"
958460046626697216; "567"
59601305; "567"
516057338; "567"
371929290; "567"
120428886; "566"
58653001; "565"
28230587; "565"
59601329; "564"
51882968; "563"
120185144; "563"
99641234; "562"
56819028; "562"
797532589775093760; "561"
3003338152; "561"
2909839941; "561"
3091623142; "560"
1372716913; "560"
3907724474; "557"
1278345974; "557"
968612655064903680; "556"
540030674; "556"
427693128; "556"
2358496040; "556"
1317121586; "555"
36633906; "554"
115703985; "554"
1373189845; "553"
57174880; "551"
808384833747636224; "549"
711571068239085568; "549"
319877746; "549"
4202797575; "547"
2496114612; "547"
2496960612; "546"
795989733738418176; "545"
3952317917; "545"
2777088491; "544"
980746396675596288; "543"
2713546757; "543"
2389485468; "543"
2375578866; "543"
804004158596677632; "542"
271961034; "542"
187281263; "540"
3872604797; "539"
2942851294; "539"
911255795697778688; "538"
630438780; "538"
801866042146484224; "537"
67663456; "537"
728890790789955585; "536"
811774164453457920; "534"
439345396; "534"
73002150; "533"
629612742; "533"
28889525; "533"
731976733625352193; "532"
231074520; "531"
337919743; "530"
96593902; "528"
38878065; "528"
1020032738; "528"
1007931685; "528"
768494498; "527"
72331241; "527"
153571117; "527"
159634482; "526"
1284054486; "524"
871791585557663745; "523"
132320071; "523"
969405200078331904; "522"
2842568519; "521"
1643976187; "521"
2961308409; "520"
16989074; "520"
533142503; "519"
2947569495; "519"
20265444; "517"
1588591592; "517"
121411777; "517"
4927951451; "516"
1287523237; "515"
918884471008571393; "513"
428472483; "513"
38232517; "513"
2916456381; "513"
758370872122023936; "511"
393008051; "511"
210601286; "511"
2612018591; "510"
1579040960; "509"
719233277656174592; "508"
846779129005555713; "507"
53793591; "507"
2580353686; "506"
98897390; "505"
80722042; "504"
77381984; "504"
576481633; "504"
437052580; "503"
23353285; "503"
956906796693774336; "502"
900649855; "501"
4734028995; "500"
1663507584; "500"
152721158; "500"
116293398; "500"
70685509; "499"
2859234214; "499"
841409064655544320; "498"
747487691487453184; "498"
24500590; "498"
3054466123; "497"
55375080; "496"
523351658; "496"
913515482879332353; "495"
2984024789; "495"
83942492; "494"
217809683; "494"
198556570; "494"
18439648; "494"
142813834; "494"
961411681372033024; "492"
63614019; "491"
3242204758; "490"
14214819; "490"
351145887; "488"
976735310; "487"
535837342; "487"
4628259436; "485"
3100145273; "485"
3251515203; "483"
58058836; "482"
62321663; "481"
4385231733; "481"
143921717; "481"
101520383; "481"
56023369; "480"
3298479712; "480"
198251670; "479"
781147237; "477"
2823480815; "477"
115460580; "475"
905579229064159232; "474"
1395818035; "474"
270345325; "473"
100020775; "472"
719325108364554240; "471"
231534678; "471"
976972802799603712; "470"
50784489; "470"
1334120874; "470"
2484097002; "469"
160698521; "469"
876519414178480130; "466"
2569286470; "466"
62585657; "465"
57157922; "464"
226427062; "464"
206358390; "463"
2857681360; "462"
714619092045590528; "460"
1935507786; "460"
1511277198; "460"
95534596; "459"
44154855; "459"
438437953; "459"
1107631196; "459"
3289878724; "458"
1228182217; "458"
167313858; "457"
907759500173697025; "456"
820422488; "456"
584107601; "456"
3333569951; "456"
3137920027; "455"
885880845394989056; "454"
304657474; "454"
2899362785; "454"
2857656065; "454"
3382547501; "453"
30858927; "453"
66807445; "452"
416444770; "452"
285744926; "451"
3043957468; "450"
1553823878; "449"
3451901441; "448"
1190639058; "445"
456195396; "444"
36468183; "444"
169510287; "444"
991845849356472320; "443"
3816864142; "443"
61505603; "442"
397435828; "442"
837002301181214733; "441"
3167827457; "440"
35028585; "439"
842892650307112960; "438"
80845442; "438"
75830467; "438"
2934327057; "438"
19029316; "438"
1143829285; "438"
286409447; "437"
21849619; "437"
40106597; "436"
975823206866210816; "435"
814102829124218880; "435"
797063746308964352; "435"
2321729259; "435"
136323339; "434"
2560956971; "433"
3398706411; "432"
2364149446; "432"
1722731784; "429"
41797746; "425"
734247654511742976; "424"
882615847109480449; "423"
787377014042943488; "423"
975669275376660480; "422"
294452832; "422"
2804606630; "420"
62144163; "419"
61742746; "418"
27626314; "418"
851568599047208960; "417"
67015421; "417"
555358944; "417"
2983242147; "416"
827592675457171456; "415"
729914442; "415"
718105777458778112; "415"
4476727527; "414"
429977167; "414"
2704405526; "414"
3128029889; "413"
2611367182; "413"
888850527362183169; "412"
127909105; "412"
710508017486270464; "411"
55667707; "411"
59898260; "410"
2968952020; "410"
724440795768610820; "409"
4870734851; "409"
2951983415; "409"
872509692601303043; "408"
2450544330; "408"
1645823185; "408"
42354415; "406"
836240683811778560; "405"
1561669370; "405"
861686340999675904; "404"
705560912078438402; "404"
3786253882; "404"
16823692; "404"
123035526; "404"
2768245819; "403"
906338725633970177; "402"
797293429847977984; "402"
1708788416; "402"
91899715; "401"
3151621; "401"
2417612035; "401"
4229337132; "400"
296292298; "400"
815738688739086338; "399"
446427147; "399"
2416528088; "399"
906458396; "398"
475816707; "398"
4144935687; "398"
15821811; "398"
742737732913537024; "397"
315433824; "397"
35799475; "396"
3354269613; "396"
2307363164; "396"
89302966; "395"
2503648917; "395"
1511922000; "395"
817858902708617216; "393"
4915667878; "393"
965352190964654080; "392"
823551598689472512; "392"
40941787; "392"
3369853851; "392"
24735801; "392"
779732827915059201; "391"
3381834364; "391"
81022482; "390"
400179442; "390"
909834579728625664; "389"
39300744; "389"
172064852; "389"
40251236; "388"
206678960; "388"
57331167; "386"
146265569; "386"
57848231; "385"
3450762813; "382"
1018238652848181248; "382"
898079164150018048; "380"
2292688231; "380"
107444835; "380"
69454631; "379"
432668383; "379"
2532101791; "379"
139708818; "379"
62678336; "378"
5568532; "378"
334669361; "377"
76766800; "376"
75946968; "376"
58874754; "376"
3308860421; "376"
2691899881; "376"
843128509472104448; "375"
819220082345836544; "375"
760818682666909696; "375"
54013516; "374"
404916742; "374"
17601785; "374"
1276385070; "374"
888360304119304193; "373"
76508153; "373"
3389281402; "372"
2764781177; "372"
2463700922; "372"
60204798; "371"
2361318431; "371"
62165059; "370"
59144134; "370"
1007095759857123328; "370"
846791157300543490; "369"
700758859602788352; "369"
346248608; "369"
712060507533012993; "368"
1318254902; "368"
982729203031429127; "367"
3225379713; "366"
252310930; "366"
2327056883; "366"
3298453525; "365"
305180301; "365"
1100564694; "365"
1002716880; "365"
179168193; "364"
4056294736; "363"
2625867831; "363"
2367497452; "363"
2203678135; "363"
4838912099; "362"
299713232; "362"
265596397; "362"
1888846080; "362"
131963407; "362"
46311272; "361"
3081156426; "361"
80874491; "360"
2702970742; "360"
192773242; "359"
114807448; "357"
2476097576; "356"
58278052; "355"
50806524; "355"
285254601; "355"
3402062092; "354"
992705918759526400; "352"
256667212; "352"
713609458195308544; "351"
65083935; "351"
92127982; "349"
903045904915210240; "349"
803442042634436608; "349"
44192011; "349"
127613731; "349"
2768412871; "348"
12499282; "348"
2264504388; "347"
2184372676; "347"
88725307; "346"
774511511746318336; "346"
69331145; "346"
64179715; "346"
4875211397; "346"
3313827351; "346"
283601738; "346"
1663136455; "346"
242056517; "345"
349366300; "344"
32281133; "344"
3006751912; "344"
2695584632; "344"
2336217275; "344"
1562846598; "344"
3305156865; "343"
705062792005603328; "342"
3009001906; "342"
2980634662; "342"
259281636; "342"
15600774; "342"
3573268277; "339"
176454537; "338"
158097402; "338"
2485760209; "337"
881913152341987329; "336"
55071058; "336"
864645620895809536; "335"
714184444974862337; "335"
358199205; "335"
853676702148571137; "334"
195397548; "334"
885616558952914944; "333"
4129637009; "333"
2984747164; "333"
834109007430352896; "332"
822430868279087105; "332"
726526089435189249; "332"
64035985; "332"
195777756; "332"
990643791215366145; "330"
706237263987011584; "330"
578088310; "330"
3332257043; "330"
3340162671; "329"
312894852; "329"
1232061846; "329"
114777335; "329"
1008839581305856001; "329"
81166830; "328"
79527632; "328"
1369828014; "328"
856608317023678464; "327"
810643215183413248; "327"
3245645901; "327"
186649440; "326"
153926004; "326"
93466796; "325"
819329747196985344; "325"
67688092; "325"
35707858; "325"
3416247436; "324"
858183194784477184; "323"
4898619028; "323"
38183512; "323"
1051563204; "323"
754865951091355649; "321"
869343018; "320"
888375470147989504; "319"
4878447094; "319"
56524648; "318"
3052674703; "318"
517108890; "317"
2967248255; "317"
900059054155943936; "316"
39999897; "316"
380610688; "316"
3130788311; "316"
279281869; "315"
180058778; "315"
113039733; "315"
877671534101487616; "314"
80049208; "314"
723574700144779264; "314"
112885030; "314"
817365917684400129; "313"
61211128; "313"
38304765; "313"
167999129; "313"
16728524; "313"
132346136; "313"
3026656571; "312"
3005989545; "312"
2939831621; "312"
266610183; "312"
884747517027651585; "311"
3032815306; "311"
1003070955470630913; "311"
237962240; "310"
703337138792886272; "309"
58066660; "309"
2865798676; "309"
179366338; "309"
168007412; "309"
220396665; "308"
109034490; "308"
63892612; "307"
2268097640; "307"
721137616020770818; "306"
157685472; "306"
841366524396986376; "304"
2744816494; "304"
251265129; "304"
1294802088; "304"
3893580203; "303"
2413111502; "303"
54952438; "302"
45645338; "302"
4830103246; "301"
205664241; "301"
107977320; "301"
3981703534; "300"
3348075148; "300"
2337046285; "300"
19158251; "300"
535731253; "299"
231496309; "299"
984487164523278336; "298"
871578275843330050; "298"
82113311; "298"
57073095; "298"
3351291167; "298"
90860869; "297"
746433472303083520; "297"
711339028348604416; "297"
3410409515; "297"
298192415; "297"
910933369432788992; "296"
358247457; "295"
3392400520; "295"
2694123331; "295"
268576992; "295"
984600620010233856; "294"
84110246; "294"
3729672376; "294"
4307654596; "293"
2263411184; "293"
887081077923303428; "292"
713379630636470274; "292"
628867731; "292"
563806722; "292"
452319009; "292"
24550830; "292"
1618161704; "292"
317806504; "291"
3149044065; "291"
976207965320564738; "290"
830192783449288704; "290"
343565823; "290"
2899158509; "290"
743955932871331840; "289"
1576433935; "289"
128606211; "289"
323254149; "288"
16509593; "288"
934286251313844224; "287"
170783544; "287"
820109492901867521; "286"
76073810; "286"
723151406530592769; "286"
2544643076; "286"
49469076; "285"
381237016; "285"
805453178716164096; "284"
742051150661324802; "284"
1195566264; "284"
455852406; "283"
4221613000; "283"
749888285338722304; "281"
741101685792247808; "281"
57104082; "281"
545591286; "281"
110235800; "281"
760831493405114369; "280"
322780924; "280"
2560372508; "280"
2204066472; "280"
216125688; "280"
819286701763940352; "279"
2346945866; "279"
67464339; "278"
368504587; "278"
126346985; "278"
3398421273; "277"
2670415838; "277"
2407317580; "277"
813594850557829120; "276"
53263595; "276"
919016851430150144; "275"
839397042237603840; "275"
33655591; "275"
25536602; "275"
23056026; "275"
169901836; "275"
942044796088127490; "274"
59447337; "274"
224715406; "274"
959144229061656577; "273"
537167991; "273"
2936842719; "273"
15949868; "273"
751155444782161921; "272"
19577678; "272"
870332144777932805; "271"
1318338398; "271"
774625516397756416; "269"
56163879; "269"
4140914253; "269"
162924391; "269"
771359946252361728; "268"
542068508; "268"
2475243285; "268"
237913601; "268"
2334415303; "268"
54338285; "267"
2317304157; "267"
1142987370; "267"
275599375; "266"
460263352; "265"
4090120335; "265"
1083723241; "265"
910494112079581184; "264"
713520281378095104; "264"
950788418472169473; "263"
51782243; "263"
51120526; "263"
3990380541; "263"
61079028; "262"
758061348; "261"
3129836319; "261"
1456725168; "261"
1009890150795612160; "261"
4924006127; "260"
2447083956; "260"
2150020103; "260"
798651165995126788; "259"
2967954995; "259"
2957560023; "259"
2940144993; "259"
2447987151; "259"
984554389984735233; "258"
229668885; "258"
185856197; "258"
903567902; "257"
733167575656452096; "257"
253197209; "257"
19572854; "257"
1641764983; "257"
905443272734232578; "256"
877146543517831168; "256"
713141372858068996; "256"
82969722; "255"
81965577; "255"
41223293; "255"
2863797603; "255"
259614430; "255"
744718263721005056; "254"
167414251; "254"
540076789; "253"
37984674; "253"
30278432; "253"
207268734; "253"
134518311; "253"
3090352770; "252"
1173393066; "252"
705149994; "251"
3763191383; "251"
344194180; "251"
221173562; "251"
21499994; "251"
1547126462; "251"
124279854; "251"
904874692699447298; "248"
743312315408211968; "248"
49800759; "248"
2461193370; "248"
236956669; "248"
204600069; "248"
56468183; "247"
96113299; "246"
760176931975421952; "246"
605558592; "246"
515371609; "246"
405212428; "246"
524393844; "245"
4795786039; "245"
952304379226394625; "244"
3358592176; "244"
123012890; "244"
808749275211567104; "243"
20999807; "242"
781257633445584896; "241"
2828786266; "241"
820355642; "240"
729938122826514432; "240"
418008209; "240"
919669412298452992; "239"
51675740; "238"
3404752054; "238"
66722255; "237"
4226420835; "237"
37184776; "237"
2505726258; "237"
2310387258; "237"
2290493534; "237"
228783196; "237"
897851072731074568; "236"
64379948; "236"
197132150; "236"
830381601494298624; "235"
789477022988992512; "235"
271651415; "235"
2638716456; "235"
1060843274; "235"
751334150838317056; "234"
713043858230288385; "234"
3918646468; "234"
851078228592734214; "233"
779342025548267522; "233"
19361725; "233"
14893241; "233"
4376981668; "232"
427541649; "232"
227761970; "232"
893117063681671172; "231"
44542441; "231"
355566899; "231"
2912509743; "231"
182841492; "231"
797476961304117252; "230"
783237169154494465; "230"
65486160; "230"
35848561; "230"
3301179161; "230"
954568729689542656; "229"
714198468986814464; "229"
326377548; "229"
105174662; "229"
80328094; "228"
721153115928543236; "228"
2382016213; "228"
871488392147730432; "227"
62811088; "227"
139496442; "227"
216915186; "226"
61085055; "225"
51900003; "225"
2924156932; "225"
287962045; "225"
1670740706; "225"
151048572; "225"
878669750733348864; "224"
55557121; "224"
193390279; "224"
1887892346; "224"
105657915; "224"
877952534526251008; "223"
841162037157875712; "223"
827153354; "223"
53215310; "223"
46437282; "223"
3548721197; "223"
2368974928; "223"
77549633; "222"
760362182; "222"
745767888833884160; "222"
445631868; "222"
12512582; "222"
830021874000199688; "221"
797064096; "221"
3310459989; "221"
3199558203; "221"
842236404; "220"
3300265571; "220"
116841001; "220"
803040775; "219"
65260850; "219"
2184812874; "219"
147716522; "219"
1014142937419190272; "219"
67102921; "218"
3946476502; "218"
226204703; "218"
108904712; "218"
784387908606255105; "217"
732987151529414656; "217"
67592318; "217"
59552558; "217"
50303183; "217"
4284754955; "217"
4070006369; "217"
3299567386; "217"
367335358; "216"
3578010196; "216"
2418773283; "216"
213148569; "216"
3557370676; "215"
888178270365245442; "214"
62969024; "214"
922614839574519808; "213"
816042689288372224; "213"
37183622; "213"
329378413; "213"
2899713094; "213"
59017349; "212"
2191080859; "212"
1877249269; "212"
17467898; "212"
621496150; "211"
43966715; "211"
3047929199; "211"
2359304390; "211"
446952611; "210"
4316470341; "210"
351477469; "210"
348576196; "210"
2893901302; "210"
14104216; "210"
12949472; "210"
141688543; "209"
1006892849277747202; "209"
93958963; "208"
793613219059335168; "208"
754997215681282048; "208"
340127890; "208"
3385389453; "208"
26998943; "208"
1977106758; "208"
50659538; "207"
36886093; "207"
2919639617; "207"
2868671152; "207"
2469685123; "207"
178743179; "207"
1013617376749899776; "207"
65583694; "206"
14848505; "206"
490392137; "205"
3438143476; "205"
269054229; "205"
22590844; "205"
1616133434; "205"
829102872109395968; "204"
741095496098447360; "204"
3076156617; "204"
26164746; "204"
122892791; "204"
770395864439357441; "203"
460227900; "202"
3349249534; "202"
21517308; "202"
196307077; "202"
962721997724770305; "201"
91440688; "201"
2800950567; "201"
239047230; "201"
1025541852; "201"
300063254; "200"
2901366832; "200"
965635296544153600; "199"
950721870; "199"
866418714891169792; "199"
8463342; "199"
728641686503604224; "199"
419618010; "199"
176649859; "199"
1645841796; "199"
107030921; "199"
973731338984534018; "198"
51072058; "198"
50149766; "198"
39790563; "198"
2471409079; "198"
22159973; "198"
210482241; "198"
85704539; "197"
839647406123794432; "197"
829496059672006656; "197"
709392345; "197"
705813016726642688; "196"
358749372; "196"
2436403882; "196"
2298536707; "196"
1232720720; "196"
1053137004; "196"
1001629683946086405; "196"
85939496; "195"
60193356; "195"
56785396; "195"
2782062993; "195"
145051112; "195"
120900151; "195"
113758542; "195"
941509101980405761; "194"
703377083939078148; "194"
27558652; "194"
196175621; "194"
1566959539; "194"
75896862; "193"
425193642; "193"
982808195667251200; "192"
622950088; "192"
36257555; "192"
294086906; "192"
2319503748; "192"
2796831887; "191"
758320557981065216; "190"
4092784119; "190"
308647676; "190"
168519198; "190"
948973672865456130; "189"
922918516965113858; "189"
749227804173164544; "189"
720717514444029954; "189"
710538306; "188"
428442062; "188"
279252107; "188"
83036611; "187"
826579734100320257; "187"
478941011; "187"
75663663; "186"
3320970705; "186"
2785210091; "186"
20587787; "186"
769705888965951489; "185"
2589661520; "185"
2218589677; "185"
764594221940604929; "184"
72679935; "184"
27261559; "183"
131935854; "183"
873711900063825922; "182"
3383273301; "181"
32690744; "181"
289039319; "181"
254105093; "181"
938170750489497600; "180"
52068364; "180"
424177322; "180"
341461346; "180"
97656543; "179"
773106765051400192; "179"
2894503084; "178"
28443503; "178"
987429043531337728; "177"
89496971; "177"
588384494; "177"
15467410; "177"
2886811389; "176"
2456813383; "176"
2166126335; "176"
181171907; "176"
77450248; "175"
951607490625658880; "174"
3939010335; "174"
3561670343; "174"
2865744904; "174"
2471030796; "174"
2338420326; "174"
821526911994232832; "173"
3580777041; "173"
312129446; "173"
207175077; "173"
16632319; "173"
162525131; "173"
894802142124552192; "172"
853692296285609986; "172"
588603441; "172"
2964482098; "172"
2544993138; "172"
1011434656712069120; "172"
41264745; "171"
299973103; "171"
248383340; "171"
926221623950299137; "170"
907985113803313153; "170"
862736502844948480; "170"
66689868; "170"
3078547475; "170"
22391062; "170"
1446766213; "170"
1007745461384511488; "170"
800539175002914816; "169"
77249662; "169"
757216427870982144; "169"
729011688628948993; "168"
714807736857468928; "168"
946198891464134656; "167"
50810509; "167"
272687696; "167"
1525321260; "167"
900541939099074561; "166"
748328372703477761; "166"
329177890; "166"
164841734; "166"
896328710839730176; "165"
829763161037357056; "165"
2391085519; "165"
864075476767313920; "164"
834605415161790464; "164"
784123620092211200; "164"
2829872829; "164"
838626877; "163"
706689938583117824; "163"
3623976435; "163"
2979154648; "163"
15334298; "163"
973187327450284033; "162"
4825409381; "162"
2264775612; "162"
221036382; "162"
2183723955; "162"
90009053; "161"
85312771; "161"
764467207; "161"
56944232; "161"
3958589135; "161"
243147248; "161"
82751064; "160"
236951933; "160"
749716024556216320; "159"
147434192; "159"
895626620517715968; "158"
872111555621642240; "158"
837699129778253824; "158"
64809755; "158"
611696161; "158"
55139201; "158"
29721641; "158"
290942380; "158"
167982279; "158"
1593012468; "158"
51894500; "157"
2688951929; "157"
235154113; "157"
996067925026099202; "156"
4071234797; "156"
3041903274; "156"
2507312611; "156"
2312518212; "156"
107526384; "156"
1021835779503517696; "156"
806676396558925829; "155"
792448521643393024; "155"
4764599702; "155"
46176368; "155"
129968897; "155"
865090202162933763; "154"
821756321456386048; "154"
333576255; "154"
45739338; "153"
33578817; "153"
2936404750; "153"
1348076456; "153"
101888637; "153"
876161397884846089; "152"
56793826; "152"
4333765793; "152"
34957291; "152"
341702521; "152"
79453663; "151"
511102469; "151"
4869682863; "151"
2231581262; "151"
1675897662; "151"
128930768; "151"
998923131929710597; "150"
611408492; "150"
3239063056; "150"
197311612; "150"
1498570344; "150"
1009507132276912128; "150"
595532695; "149"
2588144515; "149"
936744072944988160; "148"
858631392342814720; "148"
772062229; "148"
292387382; "148"
283350273; "148"
858779015951396865; "147"
780846188761190400; "147"
4363578263; "147"
3806654021; "147"
3371062947; "147"
100035894; "147"
993196028575789057; "146"
93052781; "146"
70235288; "146"
120135438; "146"
997624708785897472; "145"
818978961849982978; "145"
46766029; "145"
221813688; "145"
168889118; "145"
810801171472543744; "144"
757002104; "144"
4719637521; "144"
3086298037; "144"
2332656907; "144"
2318394938; "144"
343476471; "143"
298151771; "143"
838393598051766272; "142"
2863364136; "142"
211226750; "142"
114520158; "142"
64329146; "141"
312760460; "141"
125805188; "141"
973914978645430272; "140"
40956506; "140"
3367033317; "140"
760267303770554368; "139"
61965020; "139"
565853771; "139"
4788887741; "139"
2328202677; "139"
936981197028233217; "138"
78752557; "138"
768082508; "138"
57477231; "138"
171643424; "138"
83178793; "137"
68779620; "137"
2502549826; "137"
190820764; "137"
853754000273010688; "136"
573027407; "136"
4477332257; "136"
3402669173; "136"
234993297; "136"
960268282195578880; "135"
792467351044231169; "135"
36431106; "135"
295337515; "135"
2930729452; "135"
113923860; "135"
773993474324586496; "134"
4464317716; "134"
18802438; "134"
1020874734655897600; "134"
92437944; "133"
868791062176960512; "133"
34475897; "133"
3041304869; "133"
1008473817658691584; "133"
916322512274944002; "132"
60922669; "132"
52398978; "132"
2722301577; "132"
2407717196; "132"
135681428; "132"
120296784; "132"
627683055; "131"
3369931731; "131"
902993276592115712; "130"
893600776202924032; "130"
752913429174882304; "130"
3153355492; "130"
2819825547; "130"
2348038467; "130"
211023956; "130"
173249075; "130"
878486942; "129"
174631082; "129"
928654940431634432; "128"
853360181236858880; "128"
747194075061825536; "128"
69128882; "128"
4822677747; "128"
4526963435; "128"
3296992515; "128"
1002560253525921793; "128"
994959381832839168; "127"
900375088771543040; "127"
3000160993; "127"
210620557; "127"
1009547178904309761; "127"
96752591; "126"
901892349940420608; "126"
788370625345847296; "126"
470424033; "126"
298180746; "126"
2468254650; "125"
13610072; "125"
1020486118821777409; "125"
1008502856280887296; "125"
935532507944177666; "124"
935142293866188800; "124"
872576708859351041; "124"
816314359165161472; "124"
772424259289374720; "124"
759867019835510784; "124"
4403901503; "124"
286404874; "124"
2279545957; "124"
194667616; "124"
174682789; "124"
61481735; "123"
289054277; "123"
284700945; "123"
1422803197; "123"
1002704080547074048; "123"
890007335544004609; "122"
877517750704504832; "122"
814122808842260480; "122"
756262655372001280; "122"
2717601528; "122"
1514854350; "122"
765196824009445376; "121"
76405087; "121"
419672417; "121"
804006078417633280; "120"
3161627578; "120"
2857797461; "120"
2500128367; "120"
2464783423; "120"
2323193125; "120"
107413726; "120"
56846208; "119"
365218551; "119"
919410082588364800; "118"
948266389344784384; "117"
924761893050478592; "117"
701857848683323393; "117"
53335848; "117"
47788831; "117"
41763830; "117"
316120657; "117"
3041794535; "117"
26259257; "117"
2558644450; "117"
84901615; "116"
755524392654868480; "116"
65906376; "116"
3346396557; "116"
971032469268062209; "115"
866107909947748352; "115"
249876785; "115"
943295396834574336; "114"
920495732888567813; "114"
866640787228020736; "114"
754895710638764032; "114"
55133920; "114"
1006273065251196929; "114"
905422297229656065; "113"
896381676913340419; "113"
845084868707041282; "113"
844603285487190016; "113"
783479860232593408; "113"
573194891; "113"
224985111; "113"
199011505; "113"
967463032874991616; "112"
952503854419120128; "112"
877885280; "112"
810990763387535360; "112"
79601593; "112"
60060862; "112"
275555877; "112"
2724591432; "112"
157510662; "112"
1001483484878262272; "112"
709098168487645184; "111"
67678921; "111"
365777438; "111"
2845056521; "111"
2791828658; "111"
2521176396; "111"
1007998020540076032; "111"
999907857553178625; "110"
42037745; "110"
3364725502; "110"
28375295; "110"
2216463361; "110"
198999667; "110"
131768765; "110"
125470663; "110"
94444136; "109"
904883528965525505; "109"
858005202884063232; "109"
803923230520184832; "109"
773312502734188545; "109"
54026391; "109"
429327774; "109"
2448238118; "109"
2247011172; "109"
992184619150856192; "108"
981396969972293632; "108"
975428185914568705; "108"
926556529918169088; "108"
4571554876; "108"
44608102; "108"
327636093; "108"
2849996249; "108"
2684942776; "108"
227679950; "108"
188141603; "108"
1000019115510304769; "108"
968903866757468160; "107"
943096095189733376; "107"
889499723987644416; "107"
725928925180780544; "107"
295243663; "107"
15945450; "107"
134233281; "107"
126352706; "107"
1013222239263707138; "107"
938110425903915015; "106"
901415555030298625; "106"
791924787224285184; "106"
980203431116922881; "105"
799359652383391749; "105"
4387978817; "105"
4033404784; "105"
318977647; "105"
25074487; "105"
155990953; "105"
1321306778; "105"
947511261373321217; "104"
926931994927419393; "104"
781242825337888769; "104"
730529398093426688; "104"
4702840206; "104"
286418616; "104"
211301604; "104"
1568377363; "104"
1012742665274785795; "104"
937139074527358977; "103"
813521609021681666; "103"
762105450313703424; "103"
2901723928; "103"
244274570; "103"
1001136450056966145; "103"
939208518279757824; "102"
905032062608056320; "102"
832134991; "102"
210221247; "102"
1014218090945695744; "102"
710079491658424320; "101"
709016332071731201; "101"
559866219; "101"
273569253; "101"
230822412; "101"
206393224; "101"
727900992214306816; "100"
58903854; "100"
330042807; "100"
231836913; "100"
105313867; "100"
1005528990587805698; "100"
906695700699914240; "99"
836241256820793344; "99"
82455333; "99"
787862742044672000; "99"
44932912; "99"
1640282348; "99"
968894461693448192; "98"
955911452447080449; "98"
924690613966077952; "98"
87704636; "98"
747491433658060800; "98"
42405341; "98"
2958015580; "98"
2433730141; "98"
1603462483; "98"
139529970; "98"
969314851267981313; "97"
937328856268263424; "97"
929418894393184256; "97"
4026354437; "97"
245954410; "97"
884410790098423809; "96"
727152591222788097; "96"
719603686209626118; "96"
564154213; "96"
490005026; "96"
276848699; "96"
169214724; "96"
822898868778074113; "95"
799726609506779136; "95"
779395429104513024; "95"
3301025631; "95"
159186294; "95"
894482767156838400; "94"
49698568; "94"
4055793029; "94"
2557059786; "94"
229956602; "94"
171589229; "94"
1345772238; "94"
1010337841770123264; "94"
766035214464352257; "93"
730915954218160130; "93"
712360610; "93"
4188348141; "93"
1087568244; "93"
937640816696287232; "92"
927647345025716224; "92"
68599037; "92"
349341332; "92"
302408992; "92"
503239202; "91"
823004870244438016; "90"
4858263417; "90"
332433478; "90"
3010652853; "90"
2966140240; "90"
2328701843; "90"
23113271; "90"
170137102; "90"
914641809028022272; "89"
863853640569761793; "89"
823990136404901888; "89"
533272256; "89"
51582239; "89"
386825866; "89"
19827491; "89"
976447821632212992; "88"
965980926147743744; "88"
880956155274702849; "88"
713413894065295360; "88"
43845563; "88"
3305157741; "88"
2508494832; "88"
23423440; "88"
1000106931619532801; "88"
949855549159608320; "87"
913609887875289088; "87"
772856276019777541; "87"
4114012216; "87"
346103001; "87"
147807712; "87"
55117936; "86"
178199451; "86"
106739192; "86"
819158129447469056; "85"
172143173; "85"
1373463450; "85"
1286075768; "85"
109007828; "85"
957298910481051649; "84"
890187854491635712; "84"
858735498608730114; "84"
846131833611935745; "84"
833328950881447936; "84"
830390305165832192; "84"
743153083505606656; "84"
63811058; "84"
563176036; "84"
384378426; "84"
358156993; "84"
3394643687; "84"
1126695750; "84"
1030894352; "84"
999948047022002177; "83"
979170022038888453; "83"
919596303717425152; "83"
868989288825925632; "83"
752350723; "83"
3109357012; "83"
144667249; "83"
830588322074476545; "82"
4697237203; "82"
336175568; "82"
1018526960073486341; "82"
932384701272281089; "81"
866745080; "81"
627945261; "81"
330373763; "81"
3153732904; "81"
253339687; "81"
2357255383; "81"
1347894260; "81"
126366898; "81"
970393997939216385; "80"
952690158926729217; "80"
906916650997489665; "80"
759940441055764481; "80"
366718888; "80"
2731307878; "80"
2580883418; "80"
1011366068684820482; "80"
976592532216930309; "79"
975377147564044288; "79"
929829418742280192; "79"
909215676639928320; "79"
543299069; "79"
191628629; "79"
115371438; "79"
959642315366240256; "78"
858735463691059205; "78"
836177643716366336; "78"
634922964; "78"
2493042266; "78"
2331052418; "78"
199363751; "78"
791752123788689408; "77"
766767535748476928; "77"
70711636; "77"
700444254737457152; "77"
49490720; "77"
355431311; "77"
949136748591792128; "76"
922940668527431680; "76"
866798040761475073; "76"
544734258; "76"
3101779167; "76"
295462107; "76"
2950932924; "76"
272645726; "76"
2216825900; "76"
1473937652; "76"
1455201560; "76"
821549714294374400; "75"
540232017; "75"
51691926; "75"
353393384; "75"
204129297; "75"
113460248; "75"
928894003; "74"
901280963224895490; "74"
893881003990802433; "74"
833422196735406080; "74"
771032686353940480; "74"
744197114553589760; "74"
307630975; "74"
3020503348; "74"
2994516082; "74"
1623293534; "74"
16211955; "74"
997595902914244610; "73"
978422731023798272; "73"
844883228150448129; "73"
756526046313385986; "73"
4675414884; "73"
4581692836; "73"
3652311321; "73"
3375017325; "73"
29692848; "73"
2575981640; "73"
2400754189; "73"
175170792; "73"
129786269; "73"
1013979242223362048; "73"
1004882408553046017; "73"
834159772651909120; "72"
49765042; "72"
4624373555; "72"
3463318756; "72"
230263372; "72"
1022289246810501120; "72"
975843436971642883; "71"
41247115; "71"
3434278271; "71"
2823852040; "71"
97715890; "70"
938440900975394816; "70"
87213265; "70"
830181959045378050; "70"
812129960882294784; "70"
554835297; "70"
3328158393; "70"
187595821; "70"
18111081; "70"
1022300334453129216; "70"
1006990873647812610; "70"
1001153194611920897; "70"
710500467806232576; "69"
2717308323; "69"
18429098; "69"
159100336; "69"
831226899644956672; "68"
824772769313386496; "68"
66528140; "68"
4744116682; "68"
15063016; "68"
14816643; "68"
999911790317256704; "67"
899704577666187265; "67"
87170860; "67"
711340718057525249; "67"
55213876; "67"
51981763; "67"
3742007661; "67"
30706910; "67"
238259733; "67"
1599140148; "67"
852628252933992448; "66"
57402635; "66"
53544438; "66"
447359413; "66"
864477312720437249; "65"
801603152; "65"
776249202443771905; "65"
4864858521; "65"
220678615; "65"
173693528; "65"
1370253337; "65"
951667245247279104; "64"
897590203413659649; "64"
875529706484924416; "64"
772707393910308864; "64"
757293295005564929; "64"
729952051; "64"
631791282; "64"
45187284; "64"
35413187; "64"
210339339; "64"
1711525092; "64"
1012742802197893132; "64"
1000069380741435392; "64"
979166488878829568; "63"
975873156211716096; "63"
888076059463356416; "63"
729891308878368768; "63"
58027921; "63"
53551618; "63"
2747798563; "63"
2382945516; "63"
206456514; "63"
1451905728; "63"
724965873337925632; "62"
57427708; "62"
4737283785; "62"
4372639162; "62"
2730157320; "62"
1092811262; "62"
922537589172834307; "61"
263797824; "61"
190702331; "61"
999947317791817728; "60"
950885033019047941; "60"
879479778256072706; "60"
714280688; "60"
440398648; "60"
3400458267; "60"
3246312911; "60"
2959261065; "60"
285250438; "60"
981134683676307456; "59"
948873134521843712; "59"
728198580; "59"
4827230548; "59"
39277171; "59"
340535463; "59"
2670545478; "59"
245818242; "59"
213739494; "59"
202826155; "59"
945796519491497984; "58"
585004127; "58"
368589547; "58"
272707723; "58"
26481246; "58"
14960734; "58"
1009661683328077824; "58"
922204205888221185; "57"
905632315614908417; "57"
340916565; "57"
2882613244; "57"
1003428442912841728; "57"
850883425355608065; "56"
748471651067641860; "56"
720739144041934848; "56"
51201818; "56"
346586516; "56"
237046359; "56"
1002156400829698049; "56"
1000428686330466304; "56"
998023091526799367; "55"
971142939996053506; "55"
941527773545488385; "55"
903048776843235328; "55"
889652977241395200; "55"
791452139495260161; "55"
76746397; "55"
201295815; "55"
1000369988975423489; "55"
1000009034571898880; "55"
982651010098266112; "54"
959471834906419200; "54"
821498474000695296; "54"
812965556588544000; "54"
726518459056701440; "54"
712654792053678080; "54"
65723592; "54"
58774482; "54"
183088387; "54"
122388996; "54"
987493648785920000; "53"
961296113780297728; "53"
910805070228393986; "53"
900811010998763521; "53"
811977278271979520; "53"
2460968095; "53"
244068723; "53"
183655486; "53"
138902714; "53"
1020354411657342976; "53"
1002004741; "53"
69703093; "52"
62796664; "52"
3646045997; "52"
984098376374476800; "51"
92147616; "51"
901705820; "51"
760117913516900352; "51"
71652813; "51"
705504039539240960; "51"
2591658631; "51"
120180380; "51"
1011381690797907970; "51"
932354776922251264; "50"
926240945758244864; "50"
916351119965777920; "50"
803250433959534597; "50"
340840550; "50"
272145082; "50"
1077552115; "50"
988595302843207680; "49"
930638907028459521; "49"
351923684; "49"
308058102; "49"
2999599241; "49"
22729832; "49"
968101903761625089; "48"
958567381856604160; "48"
927859664880128000; "48"
92588951; "48"
865005502400352256; "48"
752909155975987201; "48"
45552794; "48"
4181049833; "48"
109687751; "48"
998670409708064768; "47"
931706073798586369; "47"
907648722267525120; "47"
705146523; "47"
4885444174; "47"
47700059; "47"
2793292955; "47"
2697059672; "47"
2472758707; "47"
1015613820117581825; "47"
987861927446671360; "46"
828454595974332419; "46"
765000102725419008; "46"
3028675649; "46"
187147878; "46"
1004911681045188609; "46"
1001677691375013888; "46"
978235438187139072; "45"
903587873261309953; "45"
894980986156576768; "45"
844664725040484353; "45"
55738322; "45"
3092131418; "45"
189741330; "45"
15116086; "45"
143965737; "45"
1040281608; "45"
10196692; "45"
1012366616812752898; "45"
995364681811480576; "44"
985342003616649217; "44"
961634152201314310; "44"
875796361366601730; "44"
841441901471531008; "44"
829040996826611712; "44"
4800304575; "44"
3131633337; "44"
2923381307; "44"
282357175; "44"
21036630; "44"
951147383739600896; "43"
942392036761718784; "43"
858015911634141187; "43"
808386514933731330; "43"
784740463131721728; "43"
506117007; "43"
3834220276; "43"
347321271; "43"
276971913; "43"
171146910; "43"
1066222178; "43"
103033754; "43"
102831176; "43"
956497971520200704; "42"
750407332379623425; "42"
3107550845; "42"
2801030707; "42"
2794713207; "42"
173657094; "42"
15235442; "42"
121868347; "42"
963205129; "41"
955272470076035072; "41"
904793210886774784; "41"
721873342056308736; "41"
711144644982259712; "41"
3339197481; "41"
2398427252; "41"
931886303871979520; "40"
918199181801672705; "40"
81951435; "40"
4374649036; "40"
33664146; "40"
2750006003; "40"
2491461073; "40"
159941690; "40"
971775833655439361; "39"
918309200715010048; "39"
900860297216487425; "39"
850709430731776001; "39"
828716535845904385; "39"
784827247614169088; "39"
750877405527543808; "39"
74780868; "39"
74164672; "39"
375676446; "39"
2317054308; "39"
1876779656; "39"
1625803686; "39"
1000088088092299264; "39"
970724277568856066; "38"
872662553293459457; "38"
560406909; "38"
51122611; "38"
47120563; "38"
322704456; "38"
2867844088; "38"
1951996532; "38"
143595472; "38"
994681302472384512; "37"
928967757894508544; "37"
918187964840194049; "37"
91672746; "37"
869631097138810880; "37"
728701729416609792; "37"
725333172888702977; "37"
486130926; "37"
394214671; "37"
3701411297; "37"
2897870422; "37"
27339164; "37"
1015017928083886080; "37"
996174053881929728; "36"
855570035053649921; "36"
620621109; "36"
532301567; "36"
2859327718; "36"
167873414; "36"
1017375350282706944; "36"
888180938030632960; "35"
886992741686751233; "35"
865783206875975680; "35"
3344080095; "35"
321566083; "35"
2400280043; "35"
2310585066; "35"
996210583191072768; "34"
956746504043048971; "34"
91179313; "34"
895361807375888386; "34"
868835157838618624; "34"
847854421; "34"
816703843576795138; "34"
782918681055625216; "34"
3093646845; "34"
1286395316; "34"
1015428829484023808; "34"
996561883254738944; "33"
976538497204047874; "33"
892843641412235265; "33"
740206520797892608; "33"
731512795485851655; "33"
483406212; "33"
36225786; "33"
362040795; "33"
3071348254; "33"
2542063490; "33"
983518787831058433; "32"
983143536848760832; "32"
3616504097; "32"
287915786; "32"
2765695331; "32"
237338612; "32"
1013214305087623169; "32"
1001225178712563712; "32"
950795731241197568; "31"
838017694523871232; "31"
814512471251832832; "31"
55420652; "31"
2836640397; "31"
219447317; "31"
183724321; "31"
131989937; "31"
1002177063103684615; "31"
995295168864706561; "30"
965427555913388032; "30"
963838455976484864; "30"
870751775132983297; "30"
4196690116; "30"
2972191487; "30"
2955014806; "30"
254067942; "30"
1011745545906524162; "30"
999056993120849920; "29"
998741747126751233; "29"
987850870531518465; "29"
972892467220697091; "29"
96849447; "29"
948969030215458816; "29"
932269870493954050; "29"
885235226477285378; "29"
4870691669; "29"
373693760; "29"
3429257879; "29"
178828369; "29"
1011730710644903936; "29"
1003039982066466816; "29"
1002330835062808576; "29"
950043803355934720; "28"
908389470797549570; "28"
878125089115582464; "28"
816420061; "28"
70837363; "28"
272967301; "28"
2667517068; "28"
1016268714285641728; "28"
1011222302137180161; "28"
910206719548121088; "27"
898370629690429444; "27"
893166586617634820; "27"
855889672727343105; "27"
820405424583311360; "27"
68771268; "27"
2540941438; "27"
2172628639; "27"
869742451216580608; "26"
854458934274514947; "26"
22714703; "26"
100493991; "26"
1004634982030159872; "26"
997693126159593473; "25"
993245950310322177; "25"
912801119973330944; "25"
904995973; "25"
74600623; "25"
469752615; "25"
3072872573; "25"
2982870623; "25"
1011994714936102912; "25"
961659632602288128; "24"
90877213; "24"
713331468785872896; "24"
55754530; "24"
353327496; "24"
3282285532; "24"
2936887443; "24"
1121034919; "24"
1016981154430357504; "24"
1007659116544905218; "24"
57072474; "23"
374055589; "23"
2497100726; "23"
1021064594993876992; "23"
997262652844924929; "22"
983668684945285120; "22"
974057842763235328; "22"
952305403769081856; "22"
2966337663; "22"
2718946144; "22"
2612634216; "22"
207739786; "22"
144002823; "22"
127381485; "22"
1014254896219131904; "22"
1003783619419299840; "22"
986629697680363520; "21"
91024317; "21"
899101019371700224; "21"
877427219618045952; "21"
836953042654212097; "21"
4048954090; "21"
371989144; "21"
368346046; "21"
3533879416; "21"
171498019; "21"
1228006176; "21"
911782288383463430; "20"
871200745076518913; "20"
86175280; "20"
712419844772249600; "20"
70484623; "20"
2730421193; "20"
240266637; "20"
1018625135299973120; "20"
1011798901685399553; "20"
1004745975737606144; "20"
999812001642745856; "19"
955033770029191168; "19"
834055129183768576; "19"
766617847925735424; "19"
712382799395872768; "19"
4559109856; "19"
3288837685; "19"
1016118155616423936; "19"
999754697673269249; "18"
978027824941543425; "18"
976172569748541442; "18"
972106290989322242; "18"
968243749297025024; "18"
922666516415483909; "18"
911712454299799557; "18"
811726620017000450; "18"
714495534904508416; "18"
526526821; "18"
42149840; "18"
37091327; "18"
3070508110; "18"
1004089522186063873; "18"
965163633016795137; "17"
937037868178051075; "17"
880757138745958400; "17"
770247383447965696; "17"
4709744836; "17"
3386645999; "17"
313103606; "17"
2498183889; "17"
1908695143; "17"
1008333199838244864; "17"
1004798261084020736; "17"
1000178147688701952; "17"
1000048973208530944; "17"
973169790171910145; "16"
970666825158709248; "16"
957501403; "16"
854410193987391489; "16"
840902249492676608; "16"
808334029669928960; "16"
735920420008955904; "16"
735890653356412929; "16"
716783987209998337; "16"
57523163; "16"
39764496; "16"
2330715865; "16"
2164933525; "16"
1264894153; "16"
1059280394; "16"
1017182012363411457; "16"
1011424316712542208; "16"
1010008628412051456; "16"
1008448455122018305; "16"
996392134604476416; "15"
945843652999499778; "15"
921417376553488388; "15"
55437877; "15"
3702267604; "15"
3154504582; "15"
3094443861; "15"
2418152826; "15"
2234755813; "15"
171296411; "15"
1018220881045278720; "15"
971748802456702976; "14"
924991845284876288; "14"
834501017442123777; "14"
59500083; "14"
1838758514; "14"
963570506153816064; "13"
811340562246881281; "13"
366273332; "13"
321695608; "13"
2544219925; "13"
14183051; "13"
1321264290; "13"
987131886; "12"
920059829670043648; "12"
885164502702075904; "12"
840680624; "12"
806366476814995456; "12"
58691382; "12"
50153262; "12"
188102309; "12"
1689796032; "12"
141271548; "12"
1010626409348452352; "12"
978356991843340288; "11"
96741939; "11"
954023820918251520; "11"
912012729275305984; "11"
868264547181899776; "11"
842434883502915585; "11"
767011496303943684; "11"
569424268; "11"
56746356; "11"
3337464507; "11"
16875845; "11"
1612604113; "11"
128287281; "11"
1010289329338507264; "11"
982413545362083840; "10"
978391616301027329; "10"
976969585718104065; "10"
974468182005178373; "10"
971027809601810433; "10"
968478668786946049; "10"
957931407317364736; "10"
915907650222743552; "10"
913911526888796160; "10"
886377684577681409; "10"
859845421824454657; "10"
816665333264248832; "10"
78111845; "10"
724220265174016001; "10"
64268565; "10"
417445247; "10"
325073684; "10"
2935935047; "10"
230845021; "10"
152474715; "10"
1013595000620371971; "10"
1012083798207549440; "10"
1009889322751971331; "10"
972621363667177479; "9"
888547844470255616; "9"
848387088; "9"
795273584344264704; "9"
3245568678; "9"
1013389669634015232; "9"
1012689084119207936; "9"
1003730411472736257; "9"
989209754546434048; "8"
981544142693167105; "8"
969396353980944384; "8"
935303813405249537; "8"
913048288697421824; "8"
896587192927219715; "8"
892840565339029504; "8"
892497996851687424; "8"
891615995500122112; "8"
871760960310177792; "8"
837403608975028225; "8"
835192137633398785; "8"
709091142537756672; "8"
3914921546; "8"
349763660; "8"
326875144; "8"
1702890342; "8"
16996132; "8"
1011374288841175040; "8"
999110437219323904; "7"
986754785239093249; "7"
942458927358324736; "7"
919624986293358593; "7"
882060652814249984; "7"
831247500950568965; "7"
803720373929971716; "7"
428209832; "7"
3482807297; "7"
3379389521; "7"
2999924535; "7"
2482945382; "7"
2475474504; "7"
1015470230389133313; "7"
1001581343527129089; "7"
1001041200953118720; "7"
987001924565250048; "6"
940398795619225600; "6"
822263493734924288; "6"
806925242; "6"
744490046871474176; "6"
4639868301; "6"
2978276290; "6"
1016874678231683073; "6"
1015671172132990978; "6"
1011644756458459136; "6"
1010636697166544896; "6"
1005580156025655297; "6"
1003801362826776576; "6"
1001140937588903936; "6"
987170388227645442; "5"
972886273957515265; "5"
967113498202341378; "5"
92858149; "5"
913786249651122177; "5"
4870706595; "5"
3788114117; "5"
3303592042; "5"
3298766660; "5"
3127682399; "5"
2748950598; "5"
243781177; "5"
2234859558; "5"
217889527; "5"
1969016700; "5"
1018472243792400384; "5"
1013193643329511424; "5"
998911350800834560; "4"
993990265890328576; "4"
991464693008134144; "4"
927099964098011137; "4"
888326812471881728; "4"
824710913467027456; "4"
3959757154; "4"
356206334; "4"
312368897; "4"
2518813687; "4"
1018683408988475392; "4"
1013082595817607169; "4"
1009217807966523393; "4"
1007598683247005697; "4"
988060367824785416; "3"
982986368820367361; "3"
982069363825000448; "3"
954458522; "3"
950558731368128522; "3"
932991934133669888; "3"
932315986946117632; "3"
929542507691638785; "3"
92347713; "3"
901725513886126081; "3"
874658671355195392; "3"
792095187631767552; "3"
58206293; "3"
4107538936; "3"
2784581055; "3"
1158519482; "3"
1016827769139982337; "3"
1004444836223733760; "3"
986333291816120320; "2"
982619161452072960; "2"
929352893383237633; "2"
922488582362796032; "2"
783732162793177092; "2"
771063175664009216; "2"
743554018086129665; "2"
3332832783; "2"
1017609580287799297; "2"
1016388531458060288; "2"
1014924275378212867; "2"
1011356738535280640; "2"
1007049696412610563; "2"
993958824678690816; "1"
988559074676690944; "1"
951976704003723266; "1"
950781072; "1"
917565635978244097; "1"
823026943717150720; "1"
742089674685042688; "1"
723991720350879744; "1"
462378943; "1"
460644320; "1"
2811397689; "1"
1023511482795995137; "1"
1021526896432095233; "1"
1018663127997730816; "1"
1018545478101659648; "1"
1015739264196382722; "1"
1015177395882676224; "1"
1001862674563596289; "1"
1000162326929137664; "1"
989119301473984512; "0"
981722912884436992; "0"
980960439621312512; "0"
979379663775715328; "0"
959754733798985728; "0"
922032370961862656; "0"
894637796853501953; "0"
876874579100282881; "0"
846538206887776256; "0"
827609236020555778; "0"
4332505582; "0"
4258838079; "0"
415067075; "0"
163331292; "0"
1023697969458147328; "0"
1020539804528922625; "0"
1020518206270779398; "0"
1015426763109863424; "0"
1010951069902540802; "0"
1009155196281384966; "0"
1001265167089438721; "0"
